{
  "total_examples": 9322,
  "code_length": {
    "mean": 1194.4029178287922,
    "median": 580.5,
    "min": 82,
    "max": 27737,
    "std": 1791.1336924923003,
    "q1": 350.0,
    "q3": 1193.75,
    "p80": 1509.8000000000002,
    "p90": 2750.8999999999996,
    "p95": 4563.449999999988,
    "p99": 8968.37999999998
  },
  "total_chars": 11134224,
  "unique_chars": 243
}