{
  "total_examples": 9322,
  "train_examples": 0,
  "val_examples": 0,
  "test_examples": 0,
  "code_length": {
    "mean": 1194.4024887363228,
    "median": 580.5,
    "min": 82,
    "max": 27737,
    "std": 1791.1319829342224,
    "q1": 350.0,
    "q3": 1193.75
  },
  "total_chars": 11134220,
  "unique_chars": 243
}