{
  "huggingface": {
    "name": "HuggingFace",
    "encode_speed": 922904.7375797814,
    "encode_time_ms": 0.42696714401245117,
    "decode_time_ms": 0.045011043548583984,
    "tokens_per_text": 394.05,
    "vocab_size": 8000,
    "memory_mb": 6.66015625,
    "oov_rate": 0.0
  },
  "python": {
    "name": "Python BPE",
    "encode_speed": 8183.450628800837,
    "encode_time_ms": 33.40888977050781,
    "decode_time_ms": 0.08379697799682617,
    "tokens_per_text": 273.4,
    "vocab_size": 32000,
    "memory_mb": 2.140625,
    "oov_rate": 0.15651060716898318
  },
  "cpp": {
    "name": "C++ BPE",
    "encode_speed": 64200,
    "encode_time_ms": 0.159,
    "decode_time_ms": 0.125,
    "tokens_per_text": 120,
    "vocab_size": 178,
    "memory_mb": 50,
    "oov_rate": 0.0
  }
}